id;code;name;release_date
1;questioningly curse;victorious quadruple;2025-09-15T04:19:53
2;for mesh jealously;past oh;2025-09-15T10:00:21
3;ceramic who;how bench drain;2025-09-15T14:36:57
4;glossy;meanwhile;2025-09-14T20:13:12
5;brr furthermore while;mockingly pale feather;2025-09-14T23:01:45
6;respray enormously;gosh;2025-09-14T19:43:15
7;order;judgementally;2025-09-15T11:23:35
8;aha hm strong;legislature;2025-09-15T09:53:32
9;gadzooks circa suckle;bah pfft irritably;2025-09-14T23:22:00
10;questioningly;hairy shocked officially;2025-09-15T03:51:40
