id;status;message;created_at;updated_at
1;REJECTED;clone boo between;2025-09-15T15:54:33;2025-09-15T17:20:47
2;ACCEPTED;state;2025-09-14T18:42:57;2025-09-14T21:09:26
3;PROPOSED;toward uproot stitcher;2025-09-15T11:50:50;2025-09-14T20:26:04
4;CANCELLED;severe valley;2025-09-15T03:16:52;2025-09-15T14:51:26
5;ACCEPTED;pharmacopoeia yippee mid;2025-09-15T03:50:19;2025-09-14T19:53:27
6;REJECTED;slime;2025-09-14T22:51:51;2025-09-14T17:57:35
7;COMPLETED;flowery demonstrate;2025-09-15T00:37:34;2025-09-14T23:06:34
8;CANCELLED;embossing gulp tired;2025-09-15T06:37:26;2025-09-15T05:57:35
9;REJECTED;peter;2025-09-15T12:08:43;2025-09-14T21:20:34
10;COMPLETED;like gray;2025-09-14T22:32:31;2025-09-14T18:52:37
