id;bio;location;favorite_set;playstyle;avatar;avatar_content_type
1;sans unless why;whoa atomize generally;via aw boohoo;including communicate someplace;../fake-data/blob/hipster.png;image/png
2;less toward;beyond;following;vice provided;../fake-data/blob/hipster.png;image/png
3;because vague;playfully;legging;sour clinking;../fake-data/blob/hipster.png;image/png
4;aw nicely;which sin;indeed before;mixture unpleasant amidst;../fake-data/blob/hipster.png;image/png
5;off;but;antelope;to obligation filter;../fake-data/blob/hipster.png;image/png
6;till categorise pigpen;about;boohoo excitedly ugh;advocate;../fake-data/blob/hipster.png;image/png
7;outnumber politely colorful;institute ha healthily;instead;actually though;../fake-data/blob/hipster.png;image/png
8;quiet supposing reckon;pfft;hmph;even;../fake-data/blob/hipster.png;image/png
9;grizzled;sweetly intensely reapply;cautiously ew;usually how;../fake-data/blob/hipster.png;image/png
10;gah even;cruel riser but;relaunch;beside provided;../fake-data/blob/hipster.png;image/png
